chr,pos,ref,depth,A,C,G,T,N,ref-fraction,chr,pos,ref,depth,A,C,G,T,N,ref-fraction,G-test,p-value,ratio-unmod,ratio-mod,FC,log2_fc,padj,odds_ratio,motif,extended,DRACH
VAI,7,T,41,0,1,0,39,1,0.95121928,VAI,7,T,38,0,0,0,38,0,0.999999737,0,0.98955,19.5,12,1.625,0.700439718,148.4325,1.333333333,ACTCT,GGGCACTCTTCCG,no-DRACH 
VAI,8,C,320,0,319,0,0,1,0.996874969,VAI,8,C,233,0,230,0,0,3,0.987124421,2,0.75984,319,76.66666667,4.160869565,2.056885064,113.976,0.240334378,CTCTT,GGCACTCTTCCGT,no-DRACH 
VAI,9,T,718,0,1,0,716,1,0.997214471,VAI,9,T,467,0,1,0,466,0,0.997858651,0,0.99502,358,466,0.768240343,-0.380370367,149.253,1.301675978,TCTTC,GCACTCTTCCGTG,no-DRACH 
VAI,10,T,4452,0,5,0,4447,0,0.998876907,VAI,10,T,3144,0,4,1,3139,0,0.998409666,0,0.97504,889.4,627.8,1.416693214,0.502527376,146.256,0.705869125,CTTCC,CACTCTTCCGTGG,no-DRACH 
VAI,11,C,9471,0,9466,0,2,3,0.999472072,VAI,11,C,6805,0,6803,0,1,1,0.999706097,1,0.95857,1893.2,3401.5,0.55657798,-0.845344262,143.7855,1.796693429,TTCCG,ACTCTTCCGTGGT,no-DRACH 
VAI,12,C,14493,1,14491,0,0,1,0.999862002,VAI,12,C,11162,0,11161,0,0,1,0.999910409,0,0.99789,7245.5,11161,0.649180181,-0.623309139,149.6835,1.540404389,TCCGT,CTCTTCCGTGGTC,no-DRACH 
VAI,13,G,23920,65,3,23833,17,2,0.996362876,VAI,13,G,19265,37,4,19214,9,1,0.997352712,5,0.33052,273.9425287,376.745098,0.727129643,-0.459715483,49.578,1.375270571,CCGTG,TCTTCCGTGGTCT,no-DRACH 
VAI,14,T,45470,0,306,0,45162,2,0.993226303,VAI,14,T,38589,0,200,0,38388,1,0.994791262,9,0.070737,146.6298701,190.9850746,0.76775565,-0.381280871,10.61055,1.302497741,CGTGG,CTTCCGTGGTCTG,no-DRACH 
VAI,15,G,52480,157,0,52170,8,145,0.994092988,VAI,15,G,44256,106,1,44061,4,84,0.995593818,12,0.017623,168.2903226,225.9538462,0.744799548,-0.425075897,2.64345,1.342643134,GTGGT,TTCCGTGGTCTGG,no-DRACH 
VAI,16,G,54323,28,8,54266,20,1,0.998950721,VAI,16,G,45733,34,10,45661,27,1,0.998425644,5,0.24923,952.0350877,634.1805556,1.501205105,0.586121102,37.3845,0.666131494,TGGTC,TCCGTGGTCTGGT,no-DRACH 
VAI,17,T,54862,15,38,5,54774,30,0.998395975,VAI,17,T,46207,19,25,4,46140,19,0.998550003,3,0.50712,622.4318182,688.6567164,0.903834673,-0.145869192,76.068,1.106397032,GGTCT,CCGTGGTCTGGTG,no-DRACH 
VAI,18,C,55626,50,53224,3,1895,454,0.956818754,VAI,18,C,46845,53,44629,2,1798,363,0.952695058,16,0.0037247,22.1582015,20.13944043,1.100239184,0.137817189,0.558705,0.90889328,GTCTG,CGTGGTCTGGTGG,no-DRACH 
VAI,19,T,56707,415,74,53,55784,381,0.98372335,VAI,19,T,47728,354,66,46,46888,374,0.982400268,5,0.32165,60.43770314,55.81904762,1.082743359,0.114691324,48.2475,0.923579897,TCTGG,GTGGTCTGGTGGA,no-DRACH 
VAI,20,G,56961,491,2,55410,52,1006,0.972770843,VAI,20,G,47933,402,6,46564,44,917,0.9714393,6,0.19052,35.72533849,34.01314828,1.050339069,0.070855131,28.578,0.952073506,CTGGT,TGGTCTGGTGGAT,no-DRACH 
VAI,21,G,57373,21,39,57082,218,13,0.994927928,VAI,21,G,48310,23,45,48053,165,24,0.99468019,9,0.051871,196.1580756,186.9766537,1.049104643,0.069158587,7.78065,0.95319376,TGGTG,GGTCTGGTGGATA,no-DRACH 
VAI,22,T,57667,37,320,34,57257,19,0.992890214,VAI,22,T,48624,45,339,29,48191,20,0.991094932,12,0.018225,139.6512195,111.295612,1.254777408,0.327431459,2.73375,0.7969541,GGTGG,GTCTGGTGGATAA,no-DRACH 
VAI,23,G,57854,1321,17,52311,89,4116,0.904189857,VAI,23,G,48871,1332,19,43458,89,3973,0.889239017,65,2.28E-13,9.437308317,8.028450028,1.175483223,0.233253949,3.43E-11,0.85071397,GTGGA,TCTGGTGGATAAA,no-DRACH 
VAI,24,G,58010,41,4,57955,3,7,0.999051887,VAI,24,G,49071,44,4,49013,4,6,0.998818039,2,0.8052,1053.727273,845.0517241,1.246938196,0.318389961,120.78,0.801964366,TGGAT,CTGGTGGATAAAT,no-DRACH 
VAI,25,A,58008,57917,17,0,24,50,0.998431251,VAI,25,A,49072,48979,7,2,22,62,0.998104825,8,0.085253,636.4505495,526.655914,1.208475083,0.273187727,12.78795,0.827489134,GGATA,TGGTGGATAAATT,no-DRACH 
VAI,26,T,57986,119,327,13,57193,334,0.986324285,VAI,26,T,49054,122,463,12,48114,343,0.980837444,61,1.59E-12,72.1223203,51.18510638,1.409048948,0.494721729,2.39E-10,0.709698553,GATAA,GGTGGATAAATTC,no-DRACH 
VAI,27,A,58015,51518,501,22,42,5932,0.888011721,VAI,27,A,49077,43851,515,27,39,4645,0.893514273,28,0.000012466,7.929505926,8.390929966,0.945009189,-0.081599736,0.0018699,1.058190768,ATAAA,GTGGATAAATTCG,no-DRACH 
VAI,28,A,58057,57816,108,72,17,44,0.995848907,VAI,28,A,49132,48886,100,85,22,39,0.99499308,7,0.16032,239.9004149,198.7235772,1.207206605,0.271672604,24.048,0.828358622,TAAAT,TGGATAAATTCGC,no-DRACH 
VAI,29,A,58099,54304,322,119,1537,1817,0.934680459,VAI,29,A,49178,45724,316,112,1323,1703,0.929765342,14,0.0068702,14.30935441,13.23798494,1.080931461,0.112275049,1.03053,0.925128036,AAATT,GGATAAATTCGCA,no-DRACH 
VAI,30,T,56344,1059,597,3,44355,10330,0.787217805,VAI,30,T,47535,975,600,14,37054,8892,0.779509835,27,0.000023639,3.699641338,3.53534968,1.04647112,0.065532497,0.00354585,0.955592545,AATTC,GATAAATTCGCAA,no-DRACH 
VAI,31,T,58262,309,374,55,57126,398,0.980501871,VAI,31,T,49356,295,432,65,48216,348,0.976902504,25,0.000042822,50.28697183,42.29473684,1.188965237,0.249706535,0.0064233,0.841067483,ATTCG,ATAAATTCGCAAG,no-DRACH 
VAI,32,C,57886,37,56058,163,841,787,0.968420689,VAI,32,C,49037,35,47242,164,869,727,0.963394987,23,0.00012573,30.66630197,26.31866295,1.165192245,0.220568005,0.0188595,0.858227476,TTCGC,TAAATTCGCAAGG,no-DRACH 
VAI,33,G,57645,307,50,56737,217,334,0.984248417,VAI,33,G,48871,221,47,48135,168,300,0.984939944,5,0.28263,62.48568282,65.40081522,0.955426666,-0.065782952,42.3945,1.046652805,TCGCA,AAATTCGCAAGGG,no-DRACH 
VAI,34,C,58011,51,57364,42,395,159,0.988846943,VAI,34,C,49156,36,48649,36,324,111,0.989685898,3,0.49346,88.66151468,95.95463511,0.923994079,-0.114044488,74.019,1.082258017,CGCAA,AATTCGCAAGGGT,no-DRACH 
VAI,35,A,57976,50924,561,734,841,4916,0.878363461,VAI,35,A,49167,42160,590,580,826,5011,0.857485712,121,3.02E-25,7.22121384,6.016840303,1.20016711,0.2632353,4.52E-23,0.833217301,GCAAG,ATTCGCAAGGGTA,no-DRACH 
VAI,36,A,55839,52204,477,996,1763,399,0.934902129,VAI,36,A,46645,43299,446,913,1596,391,0.928266695,19,0.00091736,14.36148556,12.940526,1.10980694,0.150308729,0.137604,0.90105762,CAAGG,TTCGCAAGGGTAT,no-DRACH 
VAI,37,G,57960,1079,138,43497,2084,11162,0.750465838,VAI,37,G,49118,1100,134,35038,2416,10430,0.713343377,232,6.20E-49,3.00746733,2.488494318,1.208549004,0.273275973,9.30E-47,0.82743852,AAGGG,TCGCAAGGGTATC,no-DRACH 
VAI,38,G,58328,379,15,57864,41,29,0.992044987,VAI,38,G,50075,497,28,49451,67,32,0.987538692,58,8.86E-12,124.7068966,79.24839744,1.573620421,0.654087585,1.33E-09,0.635477264,AGGGT,CGCAAGGGTATCA,no-DRACH 
VAI,39,G,58656,194,52,57366,788,256,0.978007365,VAI,39,G,50944,233,73,49576,795,267,0.973146985,32,1.72E-06,44.46976744,36.23976608,1.227098634,0.295251217,0.000258435,0.814930416,GGGTA,GCAAGGGTATCAT,no-DRACH 
VAI,40,T,58440,67,601,29,57529,214,0.984411362,VAI,40,T,50791,103,570,42,49824,252,0.980961194,31,2.52E-06,63.1492865,51.52430196,1.225621388,0.293513379,0.00037788,0.815912654,GGTAT,CAAGGGTATCATG,no-DRACH 
VAI,41,A,58482,57660,69,40,72,641,0.985944393,VAI,41,A,51154,50260,99,40,94,661,0.982523361,26,0.000027986,70.1459854,56.21923937,1.247722064,0.319296603,0.0041979,0.80146054,GTATC,AAGGGTATCATGG,no-DRACH 
VAI,42,T,58320,1066,142,36,56755,321,0.973165295,VAI,42,T,51051,1205,189,36,49276,345,0.965230847,61,2.19E-12,36.26517572,27.76112676,1.306329388,0.385518715,3.28E-10,0.765503716,TATCA,AGGGTATCATGGC,no-DRACH 
VAI,43,C,58265,96,57190,29,255,695,0.981549815,VAI,43,C,51012,125,49910,29,286,662,0.97839724,20,0.00052903,53.2,45.29038113,1.174642356,0.232221566,0.0793545,0.851322953,ATCAT,GGGTATCATGGCG,no-DRACH 
VAI,44,A,58735,55968,111,189,646,1821,0.952890099,VAI,44,A,51529,48612,146,144,566,2061,0.9433911,78,5.65E-16,20.22696061,16.66506685,1.213734142,0.279452446,8.48E-14,0.823903659,TCATG,GGTATCATGGCGG,no-DRACH 
VAI,45,T,57640,216,714,116,55753,841,0.967262318,VAI,45,T,50438,180,999,149,48395,715,0.959494825,105,7.51E-22,29.54583996,23.68820362,1.247280732,0.318786217,1.13E-19,0.801744126,CATGG,GTATCATGGCGGA,no-DRACH 
VAI,46,G,58191,544,1332,53915,86,2314,0.926517846,VAI,46,G,51233,487,1037,47315,104,2290,0.923525852,30,5.66E-06,12.60874649,12.07631445,1.044088952,0.062244628,0.000849615,0.957772801,ATGGC,TATCATGGCGGAC,no-DRACH 
VAI,47,G,56695,3180,15,53427,30,43,0.942358232,VAI,47,G,49769,3429,23,46253,25,39,0.929353614,78,5.60E-16,16.34853121,13.15500569,1.242761242,0.313549154,8.40E-14,0.80465979,TGGCG,ATCATGGCGGACG,no-DRACH 
VAI,48,C,56920,523,51648,13,4643,93,0.907378777,VAI,48,C,49979,402,44784,10,4691,92,0.896056343,55,4.12E-11,9.796661608,8.620596728,1.136424997,0.18450247,6.17E-09,0.879952485,GGCGG,TCATGGCGGACGA,no-DRACH 
VAI,49,G,59013,744,73,57847,145,204,0.980241642,VAI,49,G,52223,681,43,51095,221,183,0.978400322,32,2.22E-06,49.61149228,45.29698582,1.095249306,0.131259301,0.00033279,0.913034132,GCGGA,CATGGCGGACGAC,no-DRACH 
VAI,50,G,59029,62,39,58776,8,144,0.995713971,VAI,50,G,52269,50,42,51968,13,196,0.994241328,19,0.00097123,232.3162055,172.6511628,1.345581471,0.428229744,0.1456845,0.743173135,CGGAC,ATGGCGGACGACC,no-DRACH 
VAI,51,A,58907,58774,9,8,40,76,0.997742204,VAI,51,A,52098,51861,10,13,77,137,0.995450881,45,3.63E-09,441.9097744,218.8227848,2.019487024,1.013988876,5.44E-07,0.495175254,GGACG,TGGCGGACGACCG,no-DRACH 
VAI,52,C,58892,29,57027,29,1690,117,0.968331862,VAI,52,C,52069,34,50130,34,1688,183,0.962760952,40,4.66E-08,30.57747989,25.85353275,1.182719599,0.242108078,6.99E-06,0.845508944,GACGA,GGCGGACGACCGG,no-DRACH 
VAI,53,G,58955,62,35,58508,104,246,0.992417946,VAI,53,G,52141,85,37,51497,121,401,0.987648875,71,1.15E-14,130.8903803,79.96428571,1.636860495,0.71093137,1.73E-12,0.610925612,ACGAC,GCGGACGACCGGG,no-DRACH 
VAI,54,A,58869,53254,1044,569,1388,2614,0.90461873,VAI,54,A,51979,45648,1028,615,1672,3016,0.878200812,214,3.65E-45,9.484238646,7.21023535,1.315385447,0.395485614,5.47E-43,0.760233438,CGACC,CGGACGACCGGGG,no-DRACH 
VAI,55,C,58430,346,50653,178,4470,2783,0.866900565,VAI,55,C,51484,402,43220,183,4819,2860,0.839484111,168,2.35E-35,6.513179889,5.229912875,1.245370629,0.316575161,3.53E-33,0.802973811,GACCG,GGACGACCGGGGT,no-DRACH 
VAI,56,C,58211,2816,48369,551,5461,1014,0.830925426,VAI,56,C,51272,2600,42146,646,4603,1277,0.822008113,108,2.20E-22,4.914549888,4.618233618,1.064162252,0.089718134,3.30E-20,0.939706326,ACCGG,GACGACCGGGGTT,no-DRACH 
VAI,57,G,57453,13833,1308,27684,3038,11590,0.481854733,VAI,57,G,50385,11695,1244,23974,2822,10650,0.475816215,32,2.24E-06,0.929960697,0.907727841,1.024492866,0.034909939,0.0003354,0.976092692,CCGGG,ACGACCGGGGTTC,no-DRACH 
VAI,58,G,55050,2627,788,49596,1997,42,0.90092643,VAI,58,G,48082,2679,872,42701,1805,25,0.888087018,63,6.02E-13,9.093509351,7.935513845,1.145925712,0.19651352,9.03E-11,0.872656918,CGGGG,CGACCGGGGTTCG,no-DRACH 
VAI,59,G,58712,1008,28,57232,171,273,0.974792206,VAI,59,G,52162,1163,25,50612,128,234,0.970284882,40,4.53E-08,38.67027027,32.65290323,1.184282757,0.244013578,6.79E-06,0.844392941,GGGGT,GACCGGGGTTCGA,no-DRACH 
VAI,60,G,58714,152,118,56903,680,861,0.969155568,VAI,60,G,52173,178,131,50641,546,677,0.970636153,18,0.0011116,31.42076201,33.05548303,0.950546146,-0.073171427,0.16674,1.052026778,GGGTT,ACCGGGGTTCGAG,no-DRACH 
VAI,61,T,57858,148,430,428,55434,1418,0.958104324,VAI,61,T,51488,162,455,380,49271,1220,0.956941423,11,0.029678,22.86881188,22.22417682,1.029006027,0.041251432,4.4517,0.971811607,GGTTC,CCGGGGTTCGAGC,no-DRACH 
VAI,62,T,58953,590,42136,257,15907,63,0.269825115,VAI,62,T,52372,533,40261,230,11304,44,0.215840525,444,0.00E+00,2.50555985,3.324333251,0.753702972,-0.407932014,0,1.326782615,GTTCG,CGGGGTTCGAGCC,no-DRACH 
VAI,63,C,58950,252,58306,37,194,161,0.989075488,VAI,63,C,52398,197,51886,32,149,134,0.990228634,4,0.4051,90.53726708,101.3398438,0.893402474,-0.162617846,60.765,1.119316355,TTCGA,GGGGTTCGAGCCC,no-DRACH 
VAI,64,G,58957,837,353,57315,109,343,0.972149193,VAI,64,G,52419,885,385,50696,87,366,0.967130239,28,0.000013667,34.90560292,29.42309925,1.186333317,0.246509412,0.00205005,0.84293342,TCGAG,GGGTTCGAGCCCC,no-DRACH 
VAI,65,A,58920,54671,49,2507,82,1611,0.927885268,VAI,65,A,52356,48369,64,2251,59,1613,0.923848269,18,0.0013516,12.86679219,12.13167795,1.060594605,0.084873315,0.20274,0.942867327,CGAGC,GGTTCGAGCCCCG,no-DRACH 
VAI,66,G,58959,399,235,58076,154,95,0.985023491,VAI,66,G,52369,256,193,51712,126,82,0.98745441,18,0.0011557,65.77123443,78.70928463,0.835622312,-0.25907708,0.173355,1.196712899,GAGCC,GTTCGAGCCCCGT,no-DRACH 
VAI,67,C,58927,51,48115,658,498,9605,0.816518743,VAI,67,C,52357,26,41706,690,351,9584,0.796569704,104,1.25E-21,4.450147984,3.915688668,1.13649178,0.184587249,1.87E-19,0.879900777,AGCCC,TTCGAGCCCCGTA,no-DRACH 
VAI,68,C,58820,91,58606,18,79,26,0.996361782,VAI,68,C,52276,147,52013,13,88,15,0.99496901,25,0.000048595,273.8598131,197.7680608,1.384752482,0.469628124,0.00728925,0.722150719,GCCCC,TCGAGCCCCGTAT,no-DRACH 
VAI,69,C,58960,27,58444,70,125,294,0.991248304,VAI,69,C,52417,40,51789,109,232,247,0.988019154,65,2.36E-13,113.2635659,82.46656051,1.373448404,0.457802714,3.53E-11,0.728094333,CCCCG,CGAGCCCCGTATC,no-DRACH 
VAI,70,C,58683,20,57665,231,508,259,0.982652557,VAI,70,C,52188,25,51012,287,609,255,0.977466084,43,1.23E-08,56.6453831,43.37755102,1.30586863,0.385009769,1.85E-06,0.765773813,CCCGT,GAGCCCCGTATCC,no-DRACH 
VAI,71,G,58429,374,255,57263,157,380,0.980044156,VAI,71,G,51934,333,226,50950,152,273,0.981052875,8,0.096731,49.11063465,51.77845528,0.948476241,-0.076316459,14.50965,1.054322667,CCGTA,AGCCCCGTATCCG,no-DRACH 
VAI,72,T,58673,308,1450,176,55147,1592,0.939904215,VAI,72,T,52214,178,1514,155,48378,1989,0.926533114,148,4.29E-31,15.6401021,12.61157456,1.240138734,0.310501523,6.44E-29,0.806361396,CGTAT,GCCCCGTATCCGG,no-DRACH 
VAI,73,A,57659,54357,925,1029,67,1281,0.942732271,VAI,73,A,50771,46633,847,1349,95,1847,0.918496779,308,2.09E-65,16.46184131,11.26945384,1.460748812,0.546708116,3.13E-63,0.684580396,GTATC,CCCCGTATCCGGC,no-DRACH 
VAI,74,T,58582,855,2367,702,54553,105,0.931224608,VAI,74,T,51899,764,1958,1031,47994,152,0.924757702,131,2.84E-27,13.54008439,12.29039693,1.101679992,0.139705221,4.26E-25,0.907704603,TATCC,CCCGTATCCGGCC,no-DRACH 
VAI,75,C,58857,53,56857,44,327,1576,0.966019335,VAI,75,C,52233,61,49574,72,406,2120,0.949093485,200,4.08E-42,28.4285,18.64385107,1.524819089,0.608638085,6.12E-40,0.655815505,ATCCG,CCGTATCCGGCCG,no-DRACH 
VAI,76,C,58650,11,58438,7,72,122,0.996385337,VAI,76,C,52061,13,51796,14,119,119,0.994909817,22,0.00017173,275.6509434,195.4566038,1.410292301,0.49599421,0.0257595,0.709072864,TCCGG,CGTATCCGGCCGT,no-DRACH 
VAI,77,G,58613,1514,480,54709,1551,359,0.933393616,VAI,77,G,52048,1423,536,47609,2062,418,0.914713341,186,3.33E-39,14.01357582,10.72516333,1.306607218,0.385825515,5.00E-37,0.765340942,CCGGC,GTATCCGGCCGTC,no-DRACH 
VAI,78,G,58749,253,106,58171,160,59,0.990161534,VAI,78,G,52266,201,123,51707,149,86,0.98930471,14,0.0062197,100.6418685,92.49910555,1.088030721,0.121719292,0.932955,0.919091695,CGGCC,TATCCGGCCGTCC,no-DRACH 
VAI,79,C,58941,156,57902,39,215,629,0.982372203,VAI,79,C,52447,155,51235,46,212,799,0.976890956,50,4.38E-10,55.72858518,42.27310231,1.318298921,0.398677535,6.57E-08,0.758553302,GGCCG,ATCCGGCCGTCCG,no-DRACH 
VAI,80,C,58780,61,57977,94,591,57,0.986338891,VAI,80,C,52228,81,51408,113,539,87,0.984299609,21,0.00030921,72.20049813,62.69268293,1.151657494,0.20371172,0.0463815,0.868313717,GCCGT,TCCGGCCGTCCGC,no-DRACH 
VAI,81,G,58763,491,29,58004,87,152,0.987083709,VAI,81,G,52183,425,38,51427,89,204,0.985512523,19,0.00091281,76.42160738,68.02513228,1.123431956,0.167912745,0.1369215,0.890129567,CCGTC,CCGGCCGTCCGCC,no-DRACH 
VAI,82,T,58782,1523,1153,480,54682,944,0.930250757,VAI,82,T,52188,1511,1241,407,48003,1026,0.919809151,55,2.69E-11,13.33707317,11.4702509,1.162753395,0.217545152,4.04E-09,0.86002759,CGTCC,CGGCCGTCCGCCG,no-DRACH 
VAI,83,C,58777,698,54500,46,831,2702,0.927233441,VAI,83,C,52319,746,48480,36,779,2278,0.926623215,17,0.0018119,12.74257657,12.62828862,1.009050154,0.012997884,0.271785,0.991031017,GTCCG,GGCCGTCCGCCGT,no-DRACH 
VAI,84,C,58341,41,57996,38,202,64,0.994086491,VAI,84,C,51923,29,51624,42,170,58,0.994241473,2,0.70931,168.1043478,172.6555184,0.973640167,-0.038539407,106.3965,1.027073485,TCCGC,GCCGTCCGCCGTG,no-DRACH 
VAI,85,G,58464,708,22,57172,227,335,0.97790093,VAI,85,G,52011,752,26,50584,277,372,0.972563496,34,6.02E-07,44.25077399,35.44779257,1.248336519,0.3200069,9.03E-05,0.801066046,CCGCC,CCGTCCGCCGTGA,no-DRACH 
VAI,86,C,58969,503,55739,94,1536,1097,0.945225457,VAI,86,C,52521,570,49232,94,1508,1117,0.93737743,35,4.40E-07,17.25665635,14.96868349,1.15285064,0.205205614,6.60E-05,0.867415054,CGCCG,CGTCCGCCGTGAT,no-DRACH 
VAI,87,C,58947,90,57901,116,682,158,0.982255246,VAI,87,C,52488,68,51482,121,705,112,0.980833714,14,0.0081157,55.35468451,51.1749503,1.081675394,0.113267617,1.217355,0.924491771,GCCGT,GTCCGCCGTGATC,no-DRACH 
VAI,88,G,58843,523,99,56481,1095,645,0.959859286,VAI,88,G,52449,409,88,50410,965,577,0.961124139,4,0.39746,23.9123624,24.72290338,0.967214976,-0.048091512,59.619,1.033896315,CCGTG,TCCGCCGTGATCC,no-DRACH 
VAI,89,T,58512,66,1044,31,57086,285,0.975628931,VAI,89,T,52145,55,1006,33,50869,182,0.975529773,16,0.0025798,40.03225806,39.86598746,1.004170738,0.00600459,0.38697,0.995846584,CGTGA,CCGCCGTGATCCA,no-DRACH 
VAI,90,G,58838,154,77,58379,38,190,0.992198919,VAI,90,G,52492,135,49,52180,25,103,0.994056237,22,0.00017613,127.1873638,167.2435897,0.760491712,-0.39499557,0.0264195,1.314938723,GTGAT,CGCCGTGATCCAT,no-DRACH 
VAI,91,A,58740,57761,277,51,409,242,0.983333333,VAI,91,A,52427,51754,183,48,234,208,0.987163103,41,2.45E-08,59,76.90044577,0.767225722,-0.382277007,3.67E-06,1.303397386,TGATC,GCCGTGATCCATG,no-DRACH 
VAI,92,T,58800,402,175,69,57894,260,0.984591837,VAI,92,T,52375,387,158,63,51556,211,0.984362768,2,0.69197,63.90066225,62.94993895,1.015102847,0.021625904,103.7955,0.985121855,GATCC,CCGTGATCCATGC,no-DRACH 
VAI,93,C,58741,218,57476,23,207,817,0.978464786,VAI,93,C,52288,297,50776,18,235,962,0.971083231,66,1.53E-13,45.43557312,33.58201058,1.352973581,0.436133669,2.30E-11,0.739112732,ATCCA,CGTGATCCATGCG,no-DRACH 
VAI,94,C,58702,45,58087,42,120,408,0.989523355,VAI,94,C,52216,45,51616,56,112,387,0.988509269,5,0.26054,94.4504065,86.02666667,1.0979201,0.134773068,39.081,0.910813091,TCCAT,GTGATCCATGCGG,no-DRACH 
VAI,95,A,58476,53948,325,183,117,3903,0.922566523,VAI,95,A,52057,46888,451,356,88,4274,0.900704996,220,2.12E-46,11.91431095,9.071000193,1.313450634,0.393361978,3.18E-44,0.761353319,CCATG,TGATCCATGCGGT,no-DRACH 
VAI,96,T,54918,29,1978,81,52270,560,0.951782658,VAI,96,T,48113,46,1773,143,45741,410,0.950699395,41,2.40E-08,19.73942598,19.28372681,1.023631281,0.03369614,3.60E-06,0.976914264,CATGC,GATCCATGCGGTT,no-DRACH 
VAI,97,G,58140,138,224,56892,36,850,0.978534572,VAI,97,G,51894,89,223,50799,25,758,0.978899295,8,0.087947,45.58653846,46.39178082,0.982642564,-0.025261363,13.19205,1.017664038,ATGCG,ATCCATGCGGTTA,no-DRACH 
VAI,98,C,58267,68,56311,107,1450,331,0.966430398,VAI,98,C,51963,57,50196,113,1316,281,0.965995035,2,0.6849,28.78885481,28.40747029,1.013425501,0.019240037,102.735,0.986752355,TGCGG,TCCATGCGGTTAC,no-DRACH 
VAI,99,G,58476,5548,144,51630,165,989,0.882926329,VAI,99,G,52190,4051,178,47108,142,711,0.902625024,135,2.82E-28,7.541630149,9.269578906,0.813589293,-0.297627402,4.23E-26,1.229121387,GCGGT,CCATGCGGTTACC,no-DRACH 
VAI,100,G,58600,1217,213,56663,219,288,0.966945392,VAI,100,G,52253,1121,112,50664,151,205,0.969590263,34,6.32E-07,29.25296851,31.8842039,0.917475268,-0.124258827,9.48E-05,1.089947637,CGGTT,CATGCGGTTACCG,no-DRACH 
VAI,101,T,58306,986,1094,70,55565,591,0.952989401,VAI,101,T,52035,1051,769,75,49726,414,0.955626021,58,7.81E-12,20.27179861,21.53572975,0.941310039,-0.087258114,1.17E-09,1.062349235,GGTTA,ATGCGGTTACCGC,no-DRACH 
VAI,102,T,58015,103,1721,89,55928,174,0.964026545,VAI,102,T,51850,118,959,71,50574,128,0.975390549,153,4.87E-32,26.79827504,39.63479624,0.676130006,-0.56462742,7.31E-30,1.479005503,GTTAC,TGCGGTTACCGCC,no-DRACH 
VAI,103,A,58383,54075,328,52,390,3538,0.926211397,VAI,103,A,52042,48812,277,58,278,2617,0.937934745,67,1.05E-13,12.55222841,15.1120743,0.830609231,-0.26775819,1.58E-11,1.203935573,TTACC,GCGGTTACCGCCC,no-DRACH 
VAI,104,C,56300,17,55522,4,628,129,0.986181172,VAI,104,C,50422,19,49732,4,535,132,0.986315497,2,0.67215,71.36503856,72.07536232,0.990144708,-0.014288707,100.8225,1.009953386,TACCG,CGGTTACCGCCCG,no-DRACH 
VAI,105,C,58314,21,58125,30,120,18,0.996758926,VAI,105,C,51896,16,51725,16,122,17,0.996704948,4,0.38268,307.5396825,302.4853801,1.016709245,0.023907162,57.402,0.983565365,ACCGC,GGTTACCGCCCGC,no-DRACH 
VAI,106,G,58513,86,14,58310,75,28,0.996530685,VAI,106,G,52135,74,11,51945,81,24,0.996355615,2,0.80718,287.2413793,273.3947368,1.05064707,0.071278126,121.077,0.951794402,CCGCC,GTTACCGCCCGCG,no-DRACH 
VAI,107,C,58560,19,58347,3,63,128,0.996362705,VAI,107,C,52178,22,51869,2,103,182,0.994077964,33,1.46E-06,273.9295775,167.8608414,1.63188493,0.706539331,0.000219555,0.612788305,CGCCC,TTACCGCCCGCGT,no-DRACH 
VAI,108,C,58575,7,58517,9,7,35,0.999009816,VAI,108,C,52179,12,52102,11,13,41,0.99852431,6,0.16552,1008.913793,676.6493506,1.491043762,0.576322601,24.828,0.670671127,GCCCG,TACCGCCCGCGTG,no-DRACH 
VAI,109,C,58548,12,53929,5,73,4529,0.921107467,VAI,109,C,52144,7,47547,4,91,4495,0.911840288,34,5.93E-07,11.67547088,10.34304982,1.128822841,0.174819086,8.89E-05,0.885878601,CCCGC,ACCGCCCGCGTGT,no-DRACH 
VAI,110,G,54018,90,63,53433,71,361,0.989170276,VAI,110,G,47648,133,80,46956,99,380,0.98547683,34,6.50E-07,91.33846154,67.85549133,1.346073247,0.428756917,9.75E-05,0.742901623,CCGCG,CCGCCCGCGTGTC,no-DRACH 
VAI,111,C,58374,19,57067,0,708,580,0.977609895,VAI,111,C,51971,16,50604,1,775,575,0.973696869,20,0.00053655,43.66258607,37.01828822,1.179486902,0.238159397,0.0804825,0.847826287,CGCGT,CGCCCGCGTGTCG,no-DRACH 
VAI,112,G,57813,125,37,52810,32,4809,0.91346237,VAI,112,G,51433,130,40,47191,38,4034,0.917523769,12,0.018687,10.5556666,11.12470533,0.948849097,-0.075749433,2.80305,1.053908365,GCGTG,GCCCGCGTGTCGA,no-DRACH 
VAI,113,T,53289,106,1036,115,50446,1586,0.946649402,VAI,113,T,47743,96,951,85,45305,1306,0.948934922,7,0.11763,17.74393247,18.5828548,0.954855035,-0.066646374,17.6445,1.047279392,CGTGT,CCCGCGTGTCGAA,no-DRACH 
VAI,114,G,57256,352,74,56480,199,151,0.986446835,VAI,114,G,50953,313,84,50179,216,161,0.98480953,9,0.059936,72.78350515,64.83074935,1.122669503,0.166933283,8.9904,0.890734092,GTGTC,CCGCGTGTCGAAC,no-DRACH 
VAI,115,T,57125,161,581,1064,47394,7925,0.829654267,VAI,115,T,50829,132,605,960,41908,7224,0.824489956,11,0.026719,4.87041414,4.697679632,1.036770176,0.052096123,4.00785,0.964533918,TGTCG,CGCGTGTCGAACC,proximal DRACH
VAI,116,C,58294,20,56467,60,541,1206,0.968658867,VAI,116,C,51885,31,50301,46,407,1100,0.969470945,11,0.022397,30.90695129,31.75568182,0.973273113,-0.039083395,3.35955,1.02746083,GTCGA,GCGTGTCGAACCC,proximal DRACH
VAI,117,G,58309,31,14,58169,42,53,0.997598998,VAI,117,G,51910,34,11,51779,31,55,0.997476401,2,0.72298,415.4928571,395.259542,1.051189947,0.072023384,108.447,0.951302857,TCGAA,CGTGTCGAACCCA,proximal DRACH
VAI,118,A,58319,55762,31,54,51,2421,0.956154941,VAI,118,A,51914,49337,44,53,47,2433,0.950360211,23,0.00011963,21.80758702,19.14513,1.139067064,0.18785269,0.0179445,0.877911434,CGAAC,GTGTCGAACCCAG,proximal DRACH
VAI,119,A,58230,56384,868,22,916,40,0.968298128,VAI,119,A,51811,49955,932,30,827,67,0.964177491,29,7.07E-06,30.54387866,26.91540948,1.134810105,0.182450902,0.00106113,0.881204702,GAACC,TGTCGAACCCAGG,DRACH
VAI,120,C,58255,79,53157,9,2426,2584,0.912488198,VAI,120,C,51833,111,46836,12,2504,2370,0.903594235,41,2.30E-08,10.42703021,9.372823694,1.112474805,0.153772662,3.44E-06,0.898896762,AACCC,GTCGAACCCAGGT,proximal DRACH
VAI,121,C,58286,88,58123,19,55,1,0.997203445,VAI,121,C,51899,113,51625,51,110,0,0.994720515,52,1.56E-10,356.5828221,188.4124088,1.892565487,0.920343221,2.34E-08,0.528383301,ACCCA,TCGAACCCAGGTG,proximal DRACH
VAI,122,C,58273,75,58136,12,6,44,0.997648997,VAI,122,C,51898,60,51770,14,8,46,0.997533623,2,0.73545,424.350365,404.453125,1.049195417,0.06928341,110.3175,0.953111293,CCCAG,CGAACCCAGGTGT,proximal DRACH
VAI,123,A,58210,57594,57,367,8,184,0.989417626,VAI,123,A,51837,51090,91,433,6,217,0.985589444,37,2.27E-07,93.49675325,68.3935743,1.367040021,0.451055479,3.40E-05,0.731507479,CCAGG,GAACCCAGGTGTG,proximal DRACH
VAI,124,G,58163,47,1,56777,1,1337,0.976170417,VAI,124,G,51794,50,12,50479,2,1251,0.974610959,15,0.0043554,40.96464646,38.38707224,1.067146934,0.093758833,0.65331,0.93707808,CAGGT,AACCCAGGTGTGC,no-DRACH 
VAI,125,G,57736,12,8,52612,36,5068,0.911251212,VAI,125,G,51434,10,15,46248,35,5126,0.899171754,49,6.89E-10,10.26775956,8.917855766,1.151370894,0.203352647,1.03E-07,0.868529859,AGGTG,ACCCAGGTGTGCG,no-DRACH 
VAI,126,T,52580,15,113,12,52291,149,0.994503613,VAI,126,T,46248,17,180,14,45870,167,0.991826673,31,2.92E-06,180.9377163,121.3492063,1.491049853,0.576328494,0.000437385,0.670668387,GGTGT,CCCAGGTGTGCGA,no-DRACH 
VAI,127,G,57665,12,38,57373,7,235,0.99493627,VAI,127,G,51403,13,44,51132,12,202,0.994727934,4,0.44071,196.4828767,188.6789668,1.041360784,0.058469983,66.1065,0.960281985,GTGTG,CCAGGTGTGCGAC,no-DRACH 
VAI,128,T,57449,6,477,47,56806,113,0.988807464,VAI,128,T,51197,8,643,37,50400,109,0.984432681,49,5.08E-10,88.34525661,63.23713927,1.397047014,0.482380572,7.61E-08,0.715795524,TGTGC,CAGGTGTGCGACG,no-DRACH 
VAI,129,G,57432,29,16,56503,7,877,0.983824349,VAI,129,G,51222,27,12,50340,4,839,0.982780836,3,0.57604,60.82131324,57.07482993,1.065641603,0.091722311,86.406,0.938401802,GTGCG,AGGTGTGCGACGT,no-DRACH 
VAI,130,C,56436,10,54553,17,1209,647,0.966634772,VAI,130,C,50246,8,48547,11,1145,535,0.966186363,5,0.33133,28.97132236,28.57386698,1.013909751,0.019929243,49.6995,0.986281076,TGCGA,GGTGTGCGACGTC,no-DRACH 
VAI,131,G,56643,93,14,56195,127,214,0.992090814,VAI,131,G,50452,76,15,50048,86,227,0.991992389,8,0.097944,125.4352679,123.8811881,1.012544921,0.017985914,14.6916,0.987610504,GCGAC,GTGTGCGACGTCA,no-DRACH 
VAI,132,A,56363,55430,218,73,254,388,0.983446587,VAI,132,A,50120,49087,265,91,306,371,0.979389465,31,3.47E-06,59.41050375,47.51887706,1.250250583,0.322217278,0.00052119,0.799839659,CGACG,TGTGCGACGTCAG,no-DRACH 
VAI,133,C,56732,6,55034,26,1245,421,0.970069802,VAI,133,C,50475,5,49138,18,917,397,0.973511639,21,0.00036198,32.41107185,36.75243082,0.881875597,-0.181352941,0.054297,1.133946788,GACGT,GTGCGACGTCAGA,no-DRACH 
VAI,134,G,56619,49,18,56056,111,385,0.990056341,VAI,134,G,50327,55,25,49710,90,447,0.987740179,19,0.00081827,99.56660746,80.56726094,1.23581969,0.305468265,0.1227405,0.809179533,ACGTC,TGCGACGTCAGAC,no-DRACH 
VAI,135,T,55651,233,2242,331,52202,643,0.938024474,VAI,135,T,49145,189,2311,275,45686,684,0.929616441,42,1.68E-08,15.13540157,13.20786354,1.145938669,0.196529832,2.52E-06,0.872647051,CGTCA,GCGACGTCAGACA,proximal DRACH
VAI,136,C,55862,794,54680,45,149,194,0.978840714,VAI,136,C,49329,931,47971,53,183,191,0.972470555,48,1.01E-09,46.2605753,35.32474227,1.309579981,0.389104173,1.52E-07,0.763603609,GTCAG,CGACGTCAGACAA,proximal DRACH
VAI,137,A,54994,49501,139,4898,106,350,0.900116376,VAI,137,A,48375,43109,129,4694,102,341,0.891142119,22,0.00017352,9.011651192,8.186289404,1.100822454,0.138581803,0.026028,0.908411703,TCAGA,GACGTCAGACAAC,proximal DRACH
VAI,138,G,55137,6,4,55070,14,43,0.998784845,VAI,138,G,48446,12,4,48372,16,42,0.998472526,4,0.4508,821.9402985,653.6756757,1.257413009,0.330458595,67.62,0.795283644,CAGAC,ACGTCAGACAACG,proximal DRACH
VAI,139,A,53885,52022,10,296,342,1215,0.965426371,VAI,139,A,47149,45460,18,284,329,1058,0.964177395,6,0.17787,27.92377885,26.91533452,1.037467278,0.053065835,26.6805,0.963885821,AGACA,CGTCAGACAACGG,DRACH
VAI,140,C,52788,7,49806,67,2852,56,0.943509888,VAI,140,C,46159,6,42717,50,3325,61,0.92543166,138,6.65E-29,16.70221328,12.41051714,1.345811225,0.42847606,9.97E-27,0.743046262,GACAA,GTCAGACAACGGG,proximal DRACH
VAI,141,A,53207,51191,78,85,914,939,0.962110248,VAI,141,A,46288,44422,81,128,842,815,0.959687176,19,0.0009426,25.39236111,23.80600214,1.066636933,0.093069188,0.14139,0.937526134,ACAAC,TCAGACAACGGGG,proximal DRACH
VAI,142,A,52384,50705,25,174,224,1256,0.967948228,VAI,142,A,45473,44020,40,243,257,913,0.968046973,55,2.70E-11,30.19952353,30.29593944,0.99681753,-0.004598655,4.05E-09,1.00319263,CAACG,CAGACAACGGGGG,proximal DRACH
VAI,143,C,51212,15,50924,57,62,154,0.994376318,VAI,143,C,44668,12,44406,49,74,127,0.994134503,4,0.46109,176.8194444,169.4885496,1.043253039,0.061089123,69.1635,0.958540222,AACGG,AGACAACGGGGGA,proximal DRACH
VAI,144,G,50894,1096,237,26324,194,23043,0.517231894,VAI,144,G,44273,919,256,24640,212,18246,0.556546879,170,8.92E-36,1.071387871,1.255029797,0.853675247,-0.228240748,1.34E-33,1.171405641,ACGGG,GACAACGGGGGAG,no-DRACH 
VAI,145,G,49039,1700,329,46984,26,0,0.958094578,VAI,145,G,42348,1224,366,40730,28,0,0.961792764,36,3.11E-07,22.86326034,25.17305315,0.908243438,-0.138849058,4.67E-05,1.101026397,CGGGG,ACAACGGGGGAGT,no-DRACH 
VAI,146,G,51711,314,149,51156,3,89,0.989267274,VAI,146,G,44269,377,232,43590,6,64,0.984661953,56,1.72E-11,92.17297297,64.19734904,1.435775376,0.52183006,2.57E-09,0.696487777,GGGGG,CAACGGGGGAGTG,no-DRACH 
VAI,147,G,49312,191,5,48752,5,359,0.988643738,VAI,147,G,41986,109,2,41671,5,199,0.992497499,37,1.68E-07,87.05714286,132.2888889,0.658083559,-0.603657315,2.52E-05,1.51956387,GGGGA,AACGGGGGAGTGC,no-DRACH 
VAI,148,G,38640,283,13,38022,153,169,0.984006211,VAI,148,G,31865,279,11,31331,124,120,0.983241801,6,0.19261,61.52427184,58.67228464,1.048608763,0.068476508,28.8915,0.953644519,GGGAG,ACGGGGGAGTGCT,no-DRACH 
VAI,149,A,37360,37210,1,53,12,84,0.99598501,VAI,149,A,30590,30473,0,41,11,65,0.99617522,0,0.98632,248.0666667,260.4529915,0.952443146,-0.070295118,147.948,1.049931436,GGAGT,CGGGGGAGTGCTC,no-DRACH 
VAI,150,G,37787,2,3,37769,3,10,0.999523645,VAI,150,G,30726,2,5,30711,2,6,0.999511814,1,0.8356,2098.277778,2047.4,1.024849945,0.035412691,125.34,0.975752601,GAGTG,GGGGGAGTGCTCC,no-DRACH 
VAI,151,T,37385,1,29,1,37336,18,0.998689314,VAI,151,T,30306,4,28,4,30262,8,0.998548142,8,0.099464,761.9591837,687.7727273,1.107864784,0.147781809,14.9196,0.90263723,AGTGC,GGGGAGTGCTCCT,no-DRACH 
VAI,152,G,34704,2,0,34698,1,3,0.999827109,VAI,152,G,27857,0,2,27855,0,0,0.999928204,4,0.47184,5783,13927.5,0.415221684,-1.268046309,70.776,2.408352066,GTGCT,GGGAGTGCTCCT,no-DRACH 
VAI,153,C,29189,7,28976,0,138,68,0.99270273,VAI,153,C,23366,10,23200,2,116,38,0.99289566,6,0.18962,136.0375587,139.7590361,0.973372187,-0.038936543,28.443,1.02735625,TGCTC,GGAGTGCTCCT,no-DRACH 
VAI,154,T,17715,106,1,13,17595,0,0.993226079,VAI,154,T,13028,75,2,3,12948,0,0.993859379,5,0.30289,146.625,161.85,0.905931418,-0.142526257,45.4335,1.103836317,GCTCC,GAGTGCTCCT,no-DRACH 
VAI,155,C,12150,0,12150,0,0,0,0.999999999,VAI,155,C,8555,0,8555,0,0,0,0.999999999,0,0.9982,146.625,161.85,0.905931418,-0.142526257,149.73,1.103836317,CTCCT,AGTGCTCCT,no-DRACH 
VAI,156,C,8171,0,8171,0,0,0,0.999999999,VAI,156,C,5442,0,5442,0,0,0,0.999999998,0,0.99682,146.625,161.85,0.905931418,-0.142526257,149.523,1.103836317,TCCT,GTGCTCCT,no-DRACH 
VAI,157,T,7015,0,0,0,7015,0,0.999999999,VAI,157,T,4578,0,0,0,4578,0,0.999999998,0,0.99616,146.625,161.85,0.905931418,-0.142526257,149.424,1.103836317,CCT,TGCTCCT,no-DRACH 