chr,pos,ref,depth,A,C,G,T,N,ref-fraction,chr.1,pos.1,ref.1,depth.1,A.1,C.1,G.1,T.1,N.1,ref-fraction.1,G_test,p,p_adj
VAI,7,T,41,0,1,0,39,1,0.95121928,VAI,7,T,38,0,0,0,38,0,0.999999737,3.0,0.6148548987670488,92.84308971382437
VAI,8,C,320,0,319,0,0,1,0.996874969,VAI,8,C,233,0,230,0,0,3,0.987124421,2.0,0.773535316962088,116.80383286127528
VAI,9,T,718,0,1,0,716,1,0.9972144709999999,VAI,9,T,467,0,1,0,466,0,0.9978586509999999,1.0,0.8955167891080673,135.22303515531817
VAI,10,T,4452,0,5,0,4447,0,0.998876907,VAI,10,T,3144,0,4,1,3139,0,0.9984096659999999,2.0,0.7730103154323741,116.72455763028849
VAI,11,C,9471,0,9466,0,2,3,0.999472072,VAI,11,C,6805,0,6803,0,1,1,0.999706097,1.0,0.964697407530783,145.66930853714823
VAI,12,C,14493,1,14491,0,0,1,0.9998620020000001,VAI,12,C,11162,0,11161,0,0,1,0.9999104090000001,1.0,0.8823124184862099,133.22917519141768
VAI,13,G,23920,65,3,23833,17,2,0.996362876,VAI,13,G,19265,37,4,19214,9,1,0.997352712,5.0,0.33051606725129024,49.907926154944825
VAI,14,T,45470,0,306,0,45162,2,0.9932263029999999,VAI,14,T,38589,0,200,0,38388,1,0.994791262,9.0,0.07112403893365446,10.739729878981823
VAI,15,G,52480,157,0,52170,8,145,0.994092988,VAI,15,G,44256,106,1,44061,4,84,0.995593818,13.0,0.010073918998999377,1.521161768848906
VAI,16,G,54323,28,8,54266,20,1,0.9989507209999999,VAI,16,G,45733,34,10,45661,27,1,0.9984256440000001,5.0,0.2492262293882621,37.633160637627576
VAI,17,T,54862,15,38,5,54774,30,0.998395975,VAI,17,T,46207,19,25,4,46140,19,0.998550003,3.0,0.5071204863474224,76.57519343846077
VAI,18,C,55626,50,53224,3,1895,454,0.956818754,VAI,18,C,46845,53,44629,2,1798,363,0.952695058,16.0,0.003724655966165652,0.5624230508910135
VAI,19,T,56707,415,74,53,55784,381,0.98372335,VAI,19,T,47728,354,66,46,46888,374,0.982400268,5.0,0.3216546582385368,48.569853394019056
VAI,20,G,56961,491,2,55410,52,1006,0.9727708429999999,VAI,20,G,47933,402,6,46564,44,917,0.9714393,6.0,0.19051988457720967,28.76850257115866
VAI,21,G,57373,21,39,57082,218,13,0.994927928,VAI,21,G,48310,23,45,48053,165,24,0.99468019,9.0,0.05187087290201556,7.832501808204349
VAI,22,T,57667,37,320,34,57257,19,0.9928902140000001,VAI,22,T,48624,45,339,29,48191,20,0.991094932,12.0,0.018225081100110983,2.7519872461167583
VAI,23,G,57854,1321,17,52311,89,4116,0.904189857,VAI,23,G,48871,1332,19,43458,89,3973,0.8892390170000001,65.0,2.2842669979282845e-13,3.4492431668717096e-11
VAI,24,G,58010,41,4,57955,3,7,0.999051887,VAI,24,G,49071,44,4,49013,4,6,0.9988180390000001,2.0,0.8051986176830225,121.5849912701364
VAI,25,A,58008,57917,17,0,24,50,0.998431251,VAI,25,A,49072,48979,7,2,22,62,0.998104825,10.0,0.03933884987284477,5.940166330799561
VAI,26,T,57986,119,327,13,57193,334,0.986324285,VAI,26,T,49054,122,463,12,48114,343,0.9808374440000001,61.0,1.5921152750908043e-12,2.4040940653871144e-10
VAI,27,A,58015,51518,501,22,42,5932,0.8880117209999999,VAI,27,A,49077,43851,515,27,39,4645,0.893514273,28.0,1.2465524253489223e-05,0.0018822941622768726
VAI,28,A,58057,57816,108,72,17,44,0.9958489070000001,VAI,28,A,49132,48886,100,85,22,39,0.99499308,7.0,0.1603186403424463,24.208114691709394
VAI,29,A,58099,54304,322,119,1537,1817,0.9346804590000001,VAI,29,A,49178,45724,316,112,1323,1703,0.929765342,14.0,0.0068702447553844834,1.037406958063057
VAI,30,T,56344,1059,597,3,44355,10330,0.787217805,VAI,30,T,47535,975,600,14,37054,8892,0.779509835,27.0,2.363905546291441e-05,0.003569497374900076
VAI,31,T,58262,309,374,55,57126,398,0.980501871,VAI,31,T,49356,295,432,65,48216,348,0.976902504,25.0,4.282166688744868e-05,0.006466071700004751
VAI,32,C,57886,37,56058,163,841,787,0.9684206890000001,VAI,32,C,49037,35,47242,164,869,727,0.963394987,23.0,0.00012573410229161803,0.018985849446034323
VAI,33,G,57645,307,50,56737,217,334,0.984248417,VAI,33,G,48871,221,47,48135,168,300,0.9849399440000001,5.0,0.2826318435692225,42.6774083789526
VAI,34,C,58011,51,57364,42,395,159,0.988846943,VAI,34,C,49156,36,48649,36,324,111,0.989685898,3.0,0.49345716363466496,74.51203170883441
VAI,35,A,57976,50924,561,734,841,4916,0.878363461,VAI,35,A,49167,42160,590,580,826,5011,0.857485712,121.0,3.014997916321575e-25,4.5526468536455786e-23
VAI,36,A,55839,52204,477,996,1763,399,0.934902129,VAI,36,A,46645,43299,446,913,1596,391,0.928266695,19.0,0.0009173586211924379,0.13852115180005814
VAI,37,G,57960,1079,138,43497,2084,11162,0.750465838,VAI,37,G,49118,1100,134,35038,2416,10430,0.7133433770000001,232.0,6.2027351804731436e-49,9.366130122514446e-47
VAI,38,G,58328,379,15,57864,41,29,0.992044987,VAI,38,G,50075,497,28,49451,67,32,0.987538692,58.0,8.857683063897372e-12,1.3375101426485031e-09
VAI,39,G,58656,194,52,57366,788,256,0.978007365,VAI,39,G,50944,233,73,49576,795,267,0.973146985,32.0,1.7229106602201055e-06,0.00026015950969323595
VAI,40,T,58440,67,601,29,57529,214,0.984411362,VAI,40,T,50791,103,570,42,49824,252,0.980961194,31.0,2.519234372027601e-06,0.0003804043901761678
VAI,41,A,58482,57660,69,40,72,641,0.9859443929999999,VAI,41,A,51154,50260,99,40,94,661,0.9825233609999999,26.0,2.7985541837262036e-05,0.004225816817426568
VAI,42,T,58320,1066,142,36,56755,321,0.973165295,VAI,42,T,51051,1205,189,36,49276,345,0.9652308470000001,61.0,2.1869616276885033e-12,3.30231205780964e-10
VAI,43,C,58265,96,57190,29,255,695,0.981549815,VAI,43,C,51012,125,49910,29,286,662,0.97839724,20.0,0.0005290348639684683,0.07988426445923871
VAI,44,A,58735,55968,111,189,646,1821,0.9528900990000001,VAI,44,A,51529,48612,146,144,566,2061,0.9433911,78.0,5.652072806613819e-16,8.534629937986867e-14
VAI,45,T,57640,216,714,116,55753,841,0.967262318,VAI,45,T,50438,180,999,149,48395,715,0.959494825,105.0,7.507849461207841e-22,1.133685268642384e-19
VAI,46,G,58191,544,1332,53915,86,2314,0.926517846,VAI,46,G,51233,487,1037,47315,104,2290,0.923525852,30.0,5.6640887076863545e-06,0.0008552773948606395
VAI,47,G,56695,3180,15,53427,30,43,0.942358232,VAI,47,G,49769,3429,23,46253,25,39,0.929353614,78.0,5.602540318025905e-16,8.459835880219117e-14
VAI,48,C,56920,523,51648,13,4643,93,0.907378777,VAI,48,C,49979,402,44784,10,4691,92,0.8960563429999999,55.0,4.1161103790002243e-11,6.215326672290338e-09
VAI,49,G,59013,744,73,57847,145,204,0.9802416420000001,VAI,49,G,52223,681,43,51095,221,183,0.978400322,32.0,2.218550112075883e-06,0.0003350010669234583
VAI,50,G,59029,62,39,58776,8,144,0.9957139709999999,VAI,50,G,52269,50,42,51968,13,196,0.994241328,19.0,0.0009712304795159029,0.14665580240690135
VAI,51,A,58907,58774,9,8,40,76,0.997742204,VAI,51,A,52098,51861,10,13,77,137,0.9954508809999999,45.0,3.6296708615988033e-09,5.480803001014193e-07
VAI,52,C,58892,29,57027,29,1690,117,0.968331862,VAI,52,C,52069,34,50130,34,1688,183,0.962760952,40.0,4.658479949534469e-08,7.034304723797049e-06
VAI,53,G,58955,62,35,58508,104,246,0.992417946,VAI,53,G,52141,85,37,51497,121,401,0.987648875,71.0,1.1519278931991514e-14,1.7394111187307186e-12
VAI,54,A,58869,53254,1044,569,1388,2614,0.90461873,VAI,54,A,51979,45648,1028,615,1672,3016,0.878200812,214.0,3.6464416627709e-45,5.50612691078406e-43
VAI,55,C,58430,346,50653,178,4470,2783,0.866900565,VAI,55,C,51484,402,43220,183,4819,2860,0.839484111,168.0,2.3519487321372898e-35,3.5514425855273074e-33
VAI,56,C,58211,2816,48369,551,5461,1014,0.830925426,VAI,56,C,51272,2600,42146,646,4603,1277,0.822008113,108.0,2.1982713612412534e-22,3.3193897554742926e-20
VAI,57,G,57453,13833,1308,27684,3038,11590,0.481854733,VAI,57,G,50385,11695,1244,23974,2822,10650,0.475816215,32.0,2.236043208794399e-06,0.00033764252452795425
VAI,58,G,55050,2627,788,49596,1997,42,0.90092643,VAI,58,G,48082,2679,872,42701,1805,25,0.888087018,63.0,6.021519013554214e-13,9.092493710466862e-11
VAI,59,G,58712,1008,28,57232,171,273,0.9747922059999999,VAI,59,G,52162,1163,25,50612,128,234,0.9702848820000001,40.0,4.529853953054594e-08,6.840079469112437e-06
VAI,60,G,58714,152,118,56903,680,861,0.969155568,VAI,60,G,52173,178,131,50641,546,677,0.970636153,18.0,0.0011115957680265735,0.1678509609720126
VAI,61,T,57858,148,430,428,55434,1418,0.958104324,VAI,61,T,51488,162,455,380,49271,1220,0.956941423,11.0,0.029677977072299442,4.481374537917215
VAI,62,T,58953,590,42136,257,15907,63,0.269825115,VAI,62,T,52372,533,40261,230,11304,44,0.215840525,444.0,1.0566186808234721e-94,1.595494208043443e-92
VAI,63,C,58950,252,58306,37,194,161,0.989075488,VAI,63,C,52398,197,51886,32,149,134,0.990228634,4.0,0.4051025006420978,61.170477596956765
VAI,64,G,58957,837,353,57315,109,343,0.972149193,VAI,64,G,52419,885,385,50696,87,366,0.9671302390000001,28.0,1.366694560348677e-05,0.002063708786126502
VAI,65,A,58920,54671,49,2507,82,1611,0.9278852679999999,VAI,65,A,52356,48369,64,2251,59,1613,0.923848269,18.0,0.001351628214052966,0.20409586032199786
VAI,66,G,58959,399,235,58076,154,95,0.985023491,VAI,66,G,52369,256,193,51712,126,82,0.98745441,18.0,0.0011557082474995082,0.17451194537242573
VAI,67,C,58927,51,48115,658,498,9605,0.8165187429999999,VAI,67,C,52357,26,41706,690,351,9584,0.796569704,104.0,1.2457266849534687e-21,1.8810472942797378e-19
VAI,68,C,58820,91,58606,18,79,26,0.996361782,VAI,68,C,52276,147,52013,13,88,15,0.99496901,25.0,4.859531576661552e-05,0.007337892680758943
VAI,69,C,58960,27,58444,70,125,294,0.9912483040000001,VAI,69,C,52417,40,51789,109,232,247,0.9880191540000001,65.0,2.355176678197311e-13,3.5563167840779394e-11
VAI,70,C,58683,20,57665,231,508,259,0.982652557,VAI,70,C,52188,25,51012,287,609,255,0.977466084,43.0,1.2335633331595918e-08,1.8626806330709836e-06
VAI,71,G,58429,374,255,57263,157,380,0.9800441559999999,VAI,71,G,51934,333,226,50950,152,273,0.981052875,8.0,0.09673079083945457,14.60634941675764
VAI,72,T,58673,308,1450,176,55147,1592,0.939904215,VAI,72,T,52214,178,1514,155,48378,1989,0.926533114,148.0,4.294168335329534e-31,6.484194186347597e-29
VAI,73,A,57659,54357,925,1029,67,1281,0.9427322709999999,VAI,73,A,50771,46633,847,1349,95,1847,0.918496779,308.0,2.088927329962947e-65,3.1542802682440504e-63
VAI,74,T,58582,855,2367,702,54553,105,0.931224608,VAI,74,T,51899,764,1958,1031,47994,152,0.9247577020000001,131.0,2.840275081577243e-27,4.288815373181637e-25
VAI,75,C,58857,53,56857,44,327,1576,0.966019335,VAI,75,C,52233,61,49574,72,406,2120,0.949093485,200.0,4.0790538209271264e-42,6.159371269599961e-40
VAI,76,C,58650,11,58438,7,72,122,0.996385337,VAI,76,C,52061,13,51796,14,119,119,0.994909817,22.0,0.00017173185823733434,0.025931510593837484
VAI,77,G,58613,1514,480,54709,1551,359,0.9333936159999999,VAI,77,G,52048,1423,536,47609,2062,418,0.9147133409999999,186.0,3.33158096046821e-39,5.030687250306997e-37
VAI,78,G,58749,253,106,58171,160,59,0.9901615340000001,VAI,78,G,52266,201,123,51707,149,86,0.98930471,14.0,0.006219749256090383,0.9391821376696479
VAI,79,C,58941,156,57902,39,215,629,0.9823722029999999,VAI,79,C,52447,155,51235,46,212,799,0.976890956,50.0,4.3811452377087335e-10,6.615529308940187e-08
VAI,80,C,58780,61,57977,94,591,57,0.9863388909999999,VAI,80,C,52228,81,51408,113,539,87,0.984299609,21.0,0.0003092091006236586,0.046690574194172454
VAI,81,G,58763,491,29,58004,87,152,0.9870837090000001,VAI,81,G,52183,425,38,51427,89,204,0.9855125229999999,19.0,0.0009128149733610172,0.1378350609775136
VAI,82,T,58782,1523,1153,480,54682,944,0.930250757,VAI,82,T,52188,1511,1241,407,48003,1026,0.9198091509999999,55.0,2.6933798123469023e-11,4.067003516643822e-09
VAI,83,C,58777,698,54500,46,831,2702,0.9272334409999999,VAI,83,C,52319,746,48480,36,779,2278,0.926623215,17.0,0.0018118954204021397,0.2735962084807231
VAI,84,C,58341,41,57996,38,202,64,0.9940864909999999,VAI,84,C,51923,29,51624,42,170,58,0.994241473,2.0,0.7093102775225523,107.1058519059054
VAI,85,G,58464,708,22,57172,227,335,0.97790093,VAI,85,G,52011,752,26,50584,277,372,0.9725634959999999,34.0,6.020517934629263e-07,9.090982081290188e-05
VAI,86,C,58969,503,55739,94,1536,1097,0.945225457,VAI,86,C,52521,570,49232,94,1508,1117,0.93737743,35.0,4.3975208499049745e-07,6.640256483356511e-05
VAI,87,C,58947,90,57901,116,682,158,0.9822552459999999,VAI,87,C,52488,68,51482,121,705,112,0.9808337140000001,14.0,0.008115687857757977,1.2254688665214546
VAI,88,G,58843,523,99,56481,1095,645,0.9598592859999999,VAI,88,G,52449,409,88,50410,965,577,0.961124139,4.0,0.39746150875687286,60.0166878222878
VAI,89,T,58512,66,1044,31,57086,285,0.9756289309999999,VAI,89,T,52145,55,1006,33,50869,182,0.975529773,16.0,0.0025797575425295766,0.38954338892196605
VAI,90,G,58838,154,77,58379,38,190,0.992198919,VAI,90,G,52492,135,49,52180,25,103,0.994056237,22.0,0.00017613086837604363,0.02659576112478259
VAI,91,A,58740,57761,277,51,409,242,0.9833333329999999,VAI,91,A,52427,51754,183,48,234,208,0.987163103,41.0,2.4456814666482388e-08,3.6929790146388407e-06
VAI,92,T,58800,402,175,69,57894,260,0.9845918370000001,VAI,92,T,52375,387,158,63,51556,211,0.984362768,2.0,0.6919696724424302,104.48742053880697
VAI,93,C,58741,218,57476,23,207,817,0.978464786,VAI,93,C,52288,297,50776,18,235,962,0.9710832309999999,66.0,1.5307806633082786e-13,2.3114788015955008e-11
VAI,94,C,58702,45,58087,42,120,408,0.989523355,VAI,94,C,52216,45,51616,56,112,387,0.988509269,5.0,0.2605370932224403,39.34110107658848
VAI,95,A,58476,53948,325,183,117,3903,0.922566523,VAI,95,A,52057,46888,451,356,88,4274,0.900704996,220.0,2.1186569351295135e-46,3.199171972045565e-44
VAI,96,T,54918,29,1978,81,52270,560,0.951782658,VAI,96,T,48113,46,1773,143,45741,410,0.950699395,41.0,2.398131947077895e-08,3.6211792400876216e-06
VAI,97,G,58140,138,224,56892,36,850,0.978534572,VAI,97,G,51894,89,223,50799,25,758,0.978899295,8.0,0.08794677714117234,13.279963348317024
VAI,98,C,58267,68,56311,107,1450,331,0.966430398,VAI,98,C,51963,57,50196,113,1316,281,0.965995035,2.0,0.6848960772441861,103.4193076638721
VAI,99,G,58476,5548,144,51630,165,989,0.882926329,VAI,99,G,52190,4051,178,47108,142,711,0.9026250240000001,135.0,2.8196002004901623e-28,4.2575963027401453e-26
VAI,100,G,58600,1217,213,56663,219,288,0.9669453920000001,VAI,100,G,52253,1121,112,50664,151,205,0.969590263,34.0,6.318386890231593e-07,9.540764204249707e-05
VAI,101,T,58306,986,1094,70,55565,591,0.952989401,VAI,101,T,52035,1051,769,75,49726,414,0.9556260209999999,58.0,7.809855133457501e-12,1.1792881251520827e-09
VAI,102,T,58015,103,1721,89,55928,174,0.964026545,VAI,102,T,51850,118,959,71,50574,128,0.9753905490000001,153.0,4.8711896828332655e-32,7.35549642107823e-30
VAI,103,A,58383,54075,328,52,390,3538,0.926211397,VAI,103,A,52042,48812,277,58,278,2617,0.937934745,67.0,1.051126439966371e-13,1.5872009243492202e-11
VAI,104,C,56300,17,55522,4,628,129,0.986181172,VAI,104,C,50422,19,49732,4,535,132,0.986315497,2.0,0.6721502788753166,101.4946921101728
VAI,105,C,58314,21,58125,30,120,18,0.9967589259999999,VAI,105,C,51896,16,51725,16,122,17,0.996704948,4.0,0.382677475956449,57.7842988694238
VAI,106,G,58513,86,14,58310,75,28,0.996530685,VAI,106,G,52135,74,11,51945,81,24,0.996355615,2.0,0.8071752621453483,121.88346458394759
VAI,107,C,58560,19,58347,3,63,128,0.996362705,VAI,107,C,52178,22,51869,2,103,182,0.994077964,33.0,1.4637320496999785e-06,0.00022102353950469674
VAI,108,C,58575,7,58517,9,7,35,0.9990098159999999,VAI,108,C,52179,12,52102,11,13,41,0.99852431,6.0,0.1655246893488837,24.99422809168144
VAI,109,C,58548,12,53929,5,73,4529,0.921107467,VAI,109,C,52144,7,47547,4,91,4495,0.9118402879999999,34.0,5.926026399810963e-07,8.948299863714555e-05
VAI,110,G,54018,90,63,53433,71,361,0.989170276,VAI,110,G,47648,133,80,46956,99,380,0.98547683,34.0,6.502970848108168e-07,9.819485980643334e-05
VAI,111,C,58374,19,57067,0,708,580,0.977609895,VAI,111,C,51971,16,50604,1,775,575,0.9736968690000001,21.0,0.00030074853250903924,0.04541302840886492
VAI,112,G,57813,125,37,52810,32,4809,0.91346237,VAI,112,G,51433,130,40,47191,38,4034,0.9175237690000001,12.0,0.018686779333016074,2.8217036792854273
VAI,113,T,53289,106,1036,115,50446,1586,0.946649402,VAI,113,T,47743,96,951,85,45305,1306,0.9489349220000001,7.0,0.1176330175622213,17.762585651895417
VAI,114,G,57256,352,74,56480,199,151,0.986446835,VAI,114,G,50953,313,84,50179,216,161,0.98480953,9.0,0.05993583766649696,9.050311487641041
VAI,115,T,57125,161,581,1064,47394,7925,0.829654267,VAI,115,T,50829,132,605,960,41908,7224,0.824489956,11.0,0.026718657765324578,4.034517322564011
VAI,116,C,58294,20,56467,60,541,1206,0.968658867,VAI,116,C,51885,31,50301,46,407,1100,0.969470945,11.0,0.02239661148640537,3.3818883344472113
VAI,117,G,58309,31,14,58169,42,53,0.997598998,VAI,117,G,51910,34,11,51779,31,55,0.9974764009999999,2.0,0.7229819637685708,109.17027652905419
VAI,118,A,58319,55762,31,54,51,2421,0.956154941,VAI,118,A,51914,49337,44,53,47,2433,0.9503602109999999,23.0,0.00011963188701054034,0.01806441493859159
VAI,119,A,58230,56384,868,22,916,40,0.9682981279999999,VAI,119,A,51811,49955,932,30,827,67,0.9641774909999999,29.0,7.074174369129456e-06,0.001068200329738548
VAI,120,C,58255,79,53157,9,2426,2584,0.9124881979999999,VAI,120,C,51833,111,46836,12,2504,2370,0.903594235,41.0,2.2960763874865196e-08,3.4670753451046446e-06
VAI,121,C,58286,88,58123,19,55,1,0.997203445,VAI,121,C,51899,113,51625,51,110,0,0.994720515,53.0,8.939504428839282e-11,1.3498651687547316e-08
VAI,122,C,58273,75,58136,12,6,44,0.997648997,VAI,122,C,51898,60,51770,14,8,46,0.9975336229999999,2.0,0.7354492110984592,111.05283087586733
VAI,123,A,58210,57594,57,367,8,184,0.9894176259999999,VAI,123,A,51837,51090,91,433,6,217,0.985589444,37.0,2.2689447391889018e-07,3.426106556175242e-05
VAI,124,G,58163,47,1,56777,1,1337,0.9761704170000001,VAI,124,G,51794,50,12,50479,2,1251,0.974610959,15.0,0.004355368778280336,0.6576606855203307
VAI,125,G,57736,12,8,52612,36,5068,0.911251212,VAI,125,G,51434,10,15,46248,35,5126,0.899171754,49.0,6.891725325277605e-10,1.0406505241169183e-07
VAI,126,T,52580,15,113,12,52291,149,0.994503613,VAI,126,T,46248,17,180,14,45870,167,0.9918266729999999,31.0,2.9158591452409824e-06,0.0004402947309313883
VAI,127,G,57665,12,38,57373,7,235,0.99493627,VAI,127,G,51403,13,44,51132,12,202,0.994727934,4.0,0.4407140275764665,66.54781816404645
VAI,128,T,57449,6,477,47,56806,113,0.9888074640000001,VAI,128,T,51197,8,643,37,50400,109,0.9844326809999999,49.0,5.076194435628428e-10,7.665053597798927e-08
VAI,129,G,57432,29,16,56503,7,877,0.983824349,VAI,129,G,51222,27,12,50340,4,839,0.982780836,3.0,0.5760373204891627,86.98163539386357
VAI,130,C,56436,10,54553,17,1209,647,0.966634772,VAI,130,C,50246,8,48547,11,1145,535,0.9661863629999999,5.0,0.3313254322520605,50.03014027006114
VAI,131,G,56643,93,14,56195,127,214,0.9920908140000001,VAI,131,G,50452,76,15,50048,86,227,0.9919923890000001,8.0,0.0979435495805297,14.789475986659985
VAI,132,A,56363,55430,218,73,254,388,0.983446587,VAI,132,A,50120,49087,265,91,306,371,0.979389465,31.0,3.474584300400338e-06,0.0005246622293604511
VAI,133,C,56732,6,55034,26,1245,421,0.970069802,VAI,133,C,50475,5,49138,18,917,397,0.973511639,21.0,0.0003619838537125811,0.05465956191059975
VAI,134,G,56619,49,18,56056,111,385,0.990056341,VAI,134,G,50327,55,25,49710,90,447,0.9877401790000001,19.0,0.0008182696259178799,0.12355871351359986
VAI,135,T,55651,233,2242,331,52202,643,0.9380244740000001,VAI,135,T,49145,189,2311,275,45686,684,0.929616441,42.0,1.6790400853633288e-08,2.5353505288986266e-06
VAI,136,C,55862,794,54680,45,149,194,0.9788407140000001,VAI,136,C,49329,931,47971,53,183,191,0.972470555,48.0,1.0130821793027231e-09,1.529754090747112e-07
VAI,137,A,54994,49501,139,4898,106,350,0.9001163759999999,VAI,137,A,48375,43109,129,4694,102,341,0.8911421190000001,22.0,0.00017351703823248937,0.026201072773105894
VAI,138,G,55137,6,4,55070,14,43,0.998784845,VAI,138,G,48446,12,4,48372,16,42,0.9984725259999999,4.0,0.45079777633757456,68.07046422697375
VAI,139,A,53885,52022,10,296,342,1215,0.965426371,VAI,139,A,47149,45460,18,284,329,1058,0.964177395,6.0,0.17787063628913097,26.858466079658776
VAI,140,C,52788,7,49806,67,2852,56,0.943509888,VAI,140,C,46159,6,42717,50,3325,61,0.92543166,138.0,6.647237328205482e-29,1.0037328365590277e-26
VAI,141,A,53207,51191,78,85,914,939,0.962110248,VAI,141,A,46288,44422,81,128,842,815,0.959687176,19.0,0.0009425956048787289,0.14233193633668806
VAI,142,A,52384,50705,25,174,224,1256,0.967948228,VAI,142,A,45473,44020,40,243,257,913,0.968046973,55.0,2.699633401963984e-11,4.076446436965616e-09
VAI,143,C,51212,15,50924,57,62,154,0.9943763179999999,VAI,143,C,44668,12,44406,49,74,127,0.994134503,4.0,0.46109437116308305,69.62525004562553
VAI,144,G,50894,1096,237,26324,194,23043,0.517231894,VAI,144,G,44273,919,256,24640,212,18246,0.556546879,170.0,8.916113980456193e-36,1.3463332110488852e-33
VAI,145,G,49039,1700,329,46984,26,0,0.958094578,VAI,145,G,42348,1224,366,40730,28,0,0.961792764,36.0,3.121892458765812e-07,4.7140576127363765e-05
VAI,146,G,51711,314,149,51156,3,89,0.989267274,VAI,146,G,44269,377,232,43590,6,64,0.9846619529999999,56.0,1.7154197026705083e-11,2.5902837510324676e-09
VAI,147,G,49312,191,5,48752,5,359,0.9886437379999999,VAI,147,G,41986,109,2,41671,5,199,0.9924974990000001,37.0,1.6803934077450104e-07,2.5373940456949657e-05
VAI,148,G,38640,283,13,38022,153,169,0.984006211,VAI,148,G,31865,279,11,31331,124,120,0.9832418009999999,6.0,0.1926130045372358,29.084563685122603
VAI,149,A,37360,37210,1,53,12,84,0.99598501,VAI,149,A,30590,30473,0,41,11,65,0.99617522,1.0,0.833689971503887,125.88718569708693
VAI,150,G,37787,2,3,37769,3,10,0.999523645,VAI,150,G,30726,2,5,30711,2,6,0.9995118140000001,1.0,0.835599673639586,126.17555071957749
VAI,151,T,37385,1,29,1,37336,18,0.998689314,VAI,151,T,30306,4,28,4,30262,8,0.9985481420000001,8.0,0.09946433354765057,15.019114365695236
VAI,152,G,34704,2,0,34698,1,3,0.999827109,VAI,152,G,27857,0,2,27855,0,0,0.999928204,10.0,0.035669733809935954,5.386129805300329
VAI,153,C,29189,7,28976,0,138,68,0.99270273,VAI,153,C,23366,10,23200,2,116,38,0.99289566,8.0,0.09003941636219477,13.59595187069141
VAI,154,T,17715,106,1,13,17595,0,0.993226079,VAI,154,T,13028,75,2,3,12948,0,0.9938593790000001,5.0,0.30542489151046737,46.119158618080576
VAI,155,C,12150,0,12150,0,0,0,0.999999999,VAI,155,C,8555,0,8555,0,0,0,0.999999999,0.0,0.9999999999250379,150.9999999886807
VAI,156,C,8171,0,8171,0,0,0,0.999999999,VAI,156,C,5442,0,5442,0,0,0,0.999999998,0.0,0.9999999998654026,150.99999997967578
VAI,157,T,7015,0,0,0,7015,0,0.999999999,VAI,157,T,4578,0,0,0,4578,0,0.999999998,0.0,0.9999999998365903,150.99999997532512
